"sample_id","size_factor"
"WT_0hr_rep1",0.665246291964572
"WT_0hr_rep2",1.37476063644629
"WT_0hr_rep3",1.65026948265772
"WT_24hr_rep1",1.16110513678575
"WT_24hr_rep2",0.827223102070301
"WT_24hr_rep3",0.646298178518164
"qa_0hr_rep1",1.27153619525699
"qa_0hr_rep2",1.69090112629225
"qa_0hr_rep3",2.30988702530354
"qa_24hr_rep1",1.58342248253545
"qa_24hr_rep2",0.510130497861868
"qa_24hr_rep3",0.268469954941849
