"","logFC_cac1","logFC_cac2","logFC_cac3","logFC_set7"
"CM002242.1.661501.661800",0.903058663551702,1.64290014353882,0.943843622829697,2.7961395179752
