"","logFC_cac1","logFC_cac2","logFC_cac3","logFC_set7"
"CM002238.1.5271601.5271900",-0.887540008408913,-0.15922018184457,-2.4835973366111,-1.0906642471157
"CM002239.1.557701.558000",0.614236835135416,1.46509907666991,1.82409847242254,1.19936685895696
"CM002239.1.5867401.5867700",-0.569239428615027,-0.271666417336263,-3.77337830305657,-0.05506776922416
"CM002240.1.6417001.6417300",0.423220496465315,0.498989073665937,1.83096403861338,1.74401986506846
