"","logFC_cac1","logFC_cac2","logFC_cac3","logFC_set7"
"CM002238.1.5271601.5271900",-0.887547142006439,-0.159148819935868,-2.483629375639,-1.09064075912447
"CM002239.1.5867401.5867700",-0.569162228204441,-0.271659767523631,-3.77341103997719,-0.0550027073668006
"CM002242.1.661501.661800",0.902916926444672,1.64308362345383,0.943540720983542,2.79577587581189
