"sample_id","size_factor"
"WT_0hr_rep1",0.892268418680292
"WT_0hr_rep2",0.414318153190209
"WT_0hr_rep3",1.34587197273038
"WT_24hr_rep1",1.5605936106345
"WT_24hr_rep2",1.11263154126439
"WT_24hr_rep3",0.861493095042436
"qa_0hr_rep1",1.69944292067032
"qa_0hr_rep2",3.00815274671078
"qa_0hr_rep3",0.542452511294675
"qa_24hr_rep1",2.13463341117035
"qa_24hr_rep2",0.67750215777986
"qa_24hr_rep3",0.346743673546407
